City_ID,City,Country,Date,Lat,Lng,Max Temp,Humidity,Cloudiness,Wind Speed
0,Chuy,UY,2020-10-27 02:32:02,-33.7,-53.46,56.34,78,97,12.64
1,Qaanaaq,GL,2020-10-27 02:32:03,77.48,-69.36,8.8,78,98,9.06
2,Egvekinot,RU,2020-10-27 02:32:03,66.32,-179.17,22.46,96,100,4.09
3,Qui Nhon,VN,2020-10-27 02:32:03,13.77,109.23,79.32,77,100,18.9
4,Ushuaia,AR,2020-10-27 02:28:18,-54.8,-68.3,48.2,39,20,14.99
5,Hobart,AU,2020-10-27 02:28:52,-42.88,147.33,59.0,58,75,11.41
6,Nikolskoye,RU,2020-10-27 02:32:04,59.7,30.79,50.0,87,75,8.95
7,Pisco,PE,2020-10-27 02:32:04,-13.7,-76.22,63.0,82,0,12.75
8,Hermanus,ZA,2020-10-27 02:31:04,-34.42,19.23,62.01,84,5,1.01
9,Buala,SB,2020-10-27 02:32:04,-8.14,159.59,83.05,76,96,5.35
10,Rio Brilhante,BR,2020-10-27 02:28:19,-21.8,-54.55,69.66,91,100,4.74
11,Hithadhoo,MV,2020-10-27 02:27:33,-0.6,73.08,83.43,64,69,6.67
12,Mehamn,NO,2020-10-27 02:32:05,71.04,27.85,37.94,77,43,9.08
13,Jamestown,US,2020-10-27 02:28:58,42.1,-79.24,43.0,100,90,2.75
14,Wote,KE,2020-10-27 02:32:05,-1.78,37.63,63.97,89,95,3.38
15,Saint-Philippe,RE,2020-10-27 02:32:06,-21.36,55.77,71.6,78,90,4.7
16,Farsund,NO,2020-10-27 02:32:06,58.09,6.8,48.99,93,63,11.14
17,Abu Dhabi,AE,2020-10-27 02:32:06,24.47,54.37,77.0,41,0,5.82
18,Pathein,MM,2020-10-27 02:32:06,16.78,94.73,84.07,79,28,5.95
19,Georgetown,MY,2020-10-27 02:29:07,5.41,100.34,86.0,78,20,2.24
20,Albany,US,2020-10-27 02:29:55,42.6,-73.97,51.01,89,100,1.5
21,Hami,CN,2020-10-27 02:32:07,42.8,93.45,49.46,42,100,4.65
22,Cape Town,ZA,2020-10-27 02:30:30,-33.93,18.42,61.0,93,0,5.82
23,Bengkulu,ID,2020-10-27 02:29:48,-3.8,102.27,80.47,70,100,1.07
24,Durban,ZA,2020-10-27 02:32:08,-29.86,31.03,66.0,93,0,1.12
25,Longyearbyen,SJ,2020-10-27 02:32:08,78.22,15.64,26.6,86,75,6.93
26,Kamina,CD,2020-10-27 02:32:08,-8.74,24.99,65.25,94,99,3.65
27,Ocos,GT,2020-10-27 02:32:08,14.51,-92.19,78.8,100,40,5.75
28,Bukachacha,RU,2020-10-27 02:32:08,52.98,116.92,27.9,86,85,7.47
29,Punta Arenas,CL,2020-10-27 02:32:09,-53.15,-70.92,42.8,70,20,14.99
30,Rikitea,PF,2020-10-27 02:32:09,-23.12,-134.97,75.56,86,100,14.74
31,Caravelas,BR,2020-10-27 02:32:09,-17.71,-39.25,73.02,92,6,3.33
32,Sola,VU,2020-10-27 02:32:09,-13.88,167.55,80.06,81,56,20.45
33,Ribeira Grande,PT,2020-10-27 02:32:09,38.52,-28.7,68.27,86,84,10.65
34,Upington,ZA,2020-10-27 02:30:31,-28.45,21.26,78.8,39,0,8.05
35,Ust-Ishim,RU,2020-10-27 02:32:10,57.69,71.17,37.13,92,100,14.83
36,Boueni,YT,2020-10-27 02:32:10,-12.9,45.08,75.2,83,0,3.36
37,Barrow,US,2020-10-27 02:32:10,71.29,-156.79,19.4,85,90,11.41
38,Ambilobe,MG,2020-10-27 02:32:11,-13.2,49.05,72.0,72,0,3.98
39,Chokurdakh,RU,2020-10-27 02:32:11,70.63,147.92,6.85,95,100,9.62
40,Coihaique,CL,2020-10-27 02:29:18,-45.58,-72.07,44.6,84,75,3.36
41,Mataura,NZ,2020-10-27 02:32:11,-46.19,168.86,57.0,64,71,8.99
42,Nelson Bay,AU,2020-10-27 02:32:11,-32.72,152.15,66.99,72,90,19.46
43,Esperance,AU,2020-10-27 02:31:16,-33.87,121.9,77.0,47,0,4.7
44,Talnakh,RU,2020-10-27 02:32:12,69.49,88.4,3.2,84,0,6.71
45,Warri,NG,2020-10-27 02:32:12,5.52,5.75,75.72,92,100,2.24
46,Lima,PE,2020-10-27 02:32:12,-12.04,-77.03,62.6,82,20,12.75
47,Pevek,RU,2020-10-27 02:32:13,69.7,170.31,20.88,94,92,20.76
48,Sabzevar,IR,2020-10-27 02:32:13,36.21,57.68,52.29,39,47,4.27
49,Hobyo,SO,2020-10-27 02:32:13,5.35,48.53,78.64,80,79,4.52
50,Lasa,IT,2020-10-27 02:32:13,46.62,10.7,45.0,86,75,10.29
51,Castro,BR,2020-10-27 02:32:13,-24.79,-50.01,61.59,94,100,4.03
52,Mar Del Plata,AR,2020-10-27 02:32:14,-38.0,-57.56,55.0,81,0,3.36
53,Puerto Ayora,EC,2020-10-27 02:32:14,-0.74,-90.35,68.0,92,54,3.0
54,Atuona,PF,2020-10-27 02:32:14,-9.8,-139.03,78.78,76,49,22.35
55,Arman,RU,2020-10-27 02:32:14,59.7,150.17,36.73,74,67,9.84
56,Miragoane,HT,2020-10-27 02:32:14,18.44,-73.09,81.3,74,99,3.11
57,Hofn,IS,2020-10-27 02:32:14,64.25,-15.21,36.86,77,80,14.38
58,Port Hedland,AU,2020-10-27 02:32:15,-20.32,118.57,82.4,65,0,10.29
59,Havre-Saint-Pierre,CA,2020-10-27 02:32:15,50.23,-63.6,30.2,100,90,6.93
60,Natal,BR,2020-10-27 02:29:15,-5.79,-35.21,78.8,88,75,3.36
61,Codrington,AU,2020-10-27 02:32:15,-38.27,141.97,60.08,76,75,15.08
62,Bluff,NZ,2020-10-27 02:32:16,-46.6,168.33,57.0,64,20,8.99
63,Kachiry,KZ,2020-10-27 02:32:16,53.07,76.1,45.5,69,63,17.31
64,Yellowknife,CA,2020-10-27 02:32:16,62.46,-114.35,21.2,79,90,12.75
65,Kisangani,CD,2020-10-27 02:32:16,0.52,25.2,69.71,97,64,1.61
66,Ouadda,CF,2020-10-27 02:32:16,8.08,22.4,67.46,62,57,1.9
67,Avarua,CK,2020-10-27 02:29:38,-21.21,-159.78,71.6,83,100,13.87
68,Krasnoarmeysk,RU,2020-10-27 02:32:17,51.02,45.7,35.01,71,0,3.0
69,Busselton,AU,2020-10-27 02:32:17,-33.65,115.33,71.01,59,76,5.99
70,Alamogordo,US,2020-10-27 02:32:17,32.9,-105.96,39.2,44,75,10.29
71,Labuhan,ID,2020-10-27 02:32:17,-6.88,112.21,87.8,59,100,5.68
72,Kiruna,SE,2020-10-27 02:32:18,67.86,20.23,26.6,100,1,6.93
73,Airai,TL,2020-10-27 02:32:18,-8.93,125.41,79.02,53,58,3.29
74,Bairnsdale,AU,2020-10-27 02:32:18,-37.83,147.62,59.0,88,100,3.0
75,Grimmen,DE,2020-10-27 02:32:18,54.11,13.04,46.4,93,75,6.93
76,Deputatskiy,RU,2020-10-27 02:32:19,69.3,139.9,4.06,90,100,1.43
77,Turayf,SA,2020-10-27 02:32:19,31.67,38.66,62.6,21,0,9.17
78,Umm Lajj,SA,2020-10-27 02:32:19,25.02,37.27,78.21,49,0,9.48
79,Tasiilaq,GL,2020-10-27 02:32:19,65.61,-37.64,33.8,50,100,19.46
80,Ostrovnoy,RU,2020-10-27 02:32:19,68.05,39.51,41.58,93,100,20.56
81,East London,ZA,2020-10-27 02:32:20,-33.02,27.91,66.92,83,55,19.13
82,Sobolevo,RU,2020-10-27 02:32:20,54.43,31.9,42.42,92,7,9.17
83,New Norfolk,AU,2020-10-27 02:30:26,-42.78,147.06,60.01,50,75,4.0
84,Hilo,US,2020-10-27 02:32:20,19.73,-155.09,75.99,88,90,9.17
85,Nome,US,2020-10-27 02:29:41,64.5,-165.41,35.6,64,1,9.17
86,Benemerito De Las Americas,MX,2020-10-27 02:32:21,16.52,-90.64,73.11,88,100,2.64
87,Provideniya,RU,2020-10-27 02:32:21,64.38,-173.3,33.8,69,90,4.47
88,Punakha,BT,2020-10-27 02:32:21,27.58,89.86,72.12,40,7,0.74
89,Nouakchott,MR,2020-10-27 02:32:21,18.09,-15.98,78.8,24,0,9.37
90,Cockburn Town,TC,2020-10-27 02:32:21,21.46,-71.14,83.05,78,96,19.66
91,Shimoda,JP,2020-10-27 02:32:22,34.67,138.95,68.0,64,75,16.11
92,Griffith,US,2020-10-27 02:32:22,41.53,-87.42,39.2,69,90,4.7
93,Talara,PE,2020-10-27 02:32:22,-4.58,-81.27,64.71,90,49,12.59
94,Leh,IN,2020-10-27 02:32:22,34.17,77.58,33.17,59,0,3.27
95,Saint-Francois,FR,2020-10-27 02:32:23,46.42,3.91,48.2,76,90,4.7
96,Isangel,VU,2020-10-27 02:32:23,-19.55,169.27,84.2,54,75,9.17
97,Lebu,CL,2020-10-27 02:32:23,-37.62,-73.65,51.15,87,100,8.75
98,Estevan,CA,2020-10-27 02:28:31,49.13,-102.98,15.8,85,1,12.75
99,Evensk,RU,2020-10-27 02:32:24,61.95,159.23,32.5,87,100,11.97
100,Boa Vista,BR,2020-10-27 02:30:49,2.82,-60.67,86.0,58,0,8.05
101,Carnarvon,AU,2020-10-27 02:31:16,-24.87,113.63,77.0,57,0,25.28
102,Mackay,AU,2020-10-27 02:32:24,-21.15,149.2,82.0,61,90,6.93
103,Zhuanghe,CN,2020-10-27 02:32:25,39.7,122.99,58.15,35,0,12.28
104,Saskylakh,RU,2020-10-27 02:32:25,71.92,114.08,-0.72,91,91,5.64
105,Lompoc,US,2020-10-27 02:27:29,34.64,-120.46,60.8,63,1,4.7
106,Lorengau,PG,2020-10-27 02:32:25,-2.02,147.27,82.54,76,85,4.21
107,Basco,PH,2020-10-27 02:32:26,20.45,121.97,81.01,83,99,23.91
108,Upernavik,GL,2020-10-27 02:32:26,72.79,-56.15,17.53,83,40,4.41
109,Divnogorsk,RU,2020-10-27 02:32:06,55.96,92.36,35.6,100,40,2.24
110,Auki,SB,2020-10-27 02:32:26,-8.77,160.7,83.21,77,100,2.37
111,Dikson,RU,2020-10-27 02:32:26,73.51,80.55,10.4,95,81,17.47
112,Hamilton,US,2020-10-27 02:32:20,39.18,-84.53,48.2,81,90,3.36
113,Port Alfred,ZA,2020-10-27 02:32:27,-33.59,26.89,67.35,85,68,24.61
114,Vaini,TO,2020-10-27 02:32:17,-21.2,-175.2,77.0,83,75,10.29
115,Bac Giang,VN,2020-10-27 02:29:54,21.27,106.2,75.2,83,49,5.82
116,Kruisfontein,ZA,2020-10-27 02:32:27,-34.0,24.73,64.0,89,1,1.99
117,Veraval,IN,2020-10-27 02:32:28,20.9,70.37,82.63,40,0,9.51
118,Lagoa,PT,2020-10-27 02:32:28,39.05,-27.98,67.32,84,99,12.48
119,Soto La Marina,MX,2020-10-27 02:32:28,23.77,-98.22,75.0,90,42,4.0
120,Fort Nelson,CA,2020-10-27 02:29:21,58.81,-122.7,32.0,92,90,5.82
121,Rawah,IQ,2020-10-27 02:30:20,34.48,41.91,63.68,28,0,5.23
122,Zherdevka,RU,2020-10-27 02:32:29,51.85,41.46,40.37,89,49,7.36
123,Lavrentiya,RU,2020-10-27 02:32:29,65.58,-171.0,31.05,91,2,4.47
124,Bethel,US,2020-10-27 02:32:29,41.37,-73.41,54.0,100,90,1.52
125,Kodiak,US,2020-10-27 02:32:29,57.79,-152.41,48.2,49,1,23.04
126,Kapaa,US,2020-10-27 02:32:30,22.08,-159.32,73.4,88,90,11.41
127,Novyy Urengoy,RU,2020-10-27 02:32:30,66.08,76.63,0.25,92,0,8.81
128,Kholtoson,RU,2020-10-27 02:32:30,50.3,103.31,32.58,78,81,2.8
129,Penzance,GB,2020-10-27 02:32:30,50.12,-5.54,50.0,93,100,17.22
130,Dingle,PH,2020-10-27 02:32:30,11.0,122.67,85.12,74,88,9.06
131,Portsoy,GB,2020-10-27 02:32:31,57.68,-2.69,48.0,93,75,9.17
132,Narsaq,GL,2020-10-27 02:32:31,60.92,-46.05,35.6,43,89,1.12
133,Kinwat,IN,2020-10-27 02:32:31,19.63,78.2,77.83,65,29,1.7
134,Aksarka,RU,2020-10-27 02:32:31,66.56,67.8,2.17,94,20,4.47
135,Tres Arroyos,AR,2020-10-27 02:32:31,-38.37,-60.28,55.58,60,2,12.35
136,Itarema,BR,2020-10-27 02:32:23,-2.92,-39.92,77.31,85,2,10.94
137,Navolato,MX,2020-10-27 02:29:12,24.77,-107.69,80.01,75,0,1.99
138,Bredasdorp,ZA,2020-10-27 02:32:32,-34.53,20.04,64.4,88,47,3.36
139,Nioro,GM,2020-10-27 02:32:32,13.35,-15.75,75.74,87,0,4.61
140,Faya,SA,2020-10-27 02:32:32,18.39,42.45,53.6,25,0,3.36
141,Bathsheba,BB,2020-10-27 02:32:33,13.22,-59.52,78.8,78,75,17.22
142,Otane,NZ,2020-10-27 02:32:33,-39.88,176.63,55.0,91,100,1.99
143,Rawson,AR,2020-10-27 02:32:19,-43.3,-65.1,61.66,38,98,11.72
144,Abu Samrah,SY,2020-10-27 02:32:33,35.3,37.18,61.63,31,0,3.49
145,Haines Junction,CA,2020-10-27 02:32:33,60.75,-137.51,31.53,94,1,3.02
146,Vieques,PR,2020-10-27 02:32:34,18.43,-65.83,82.4,74,40,13.87
147,Butaritari,KI,2020-10-27 02:32:34,3.07,172.79,81.64,66,7,9.44
148,Hastings,GB,2020-10-27 02:30:01,50.86,0.57,48.0,91,3,3.0
149,Victoria,HK,2020-10-27 02:32:04,22.29,114.16,82.99,59,21,17.0
150,Bourail,NC,2020-10-27 02:32:35,-21.57,165.48,82.47,45,5,5.68
151,Kayes,ML,2020-10-27 02:32:35,14.0,-11.0,74.34,19,12,2.04
152,Haukipudas,FI,2020-10-27 02:32:35,65.18,25.35,43.0,100,90,4.7
153,Inta,RU,2020-10-27 02:32:35,66.03,60.17,15.51,92,100,4.72
154,Calatayud,ES,2020-10-27 02:32:36,41.35,-1.64,53.6,72,0,1.12
155,Ilheus,BR,2020-10-27 02:32:36,-14.79,-39.05,73.2,94,89,5.79
156,Diamantino,BR,2020-10-27 02:32:36,-14.41,-56.45,79.18,64,100,1.68
157,Roros,NO,2020-10-27 02:32:36,62.57,11.38,35.6,90,95,1.12
158,Quito,EC,2020-10-27 02:30:19,-0.23,-78.52,53.6,93,75,9.17
159,Vao,NC,2020-10-27 02:32:37,-22.67,167.48,73.33,81,15,19.15
160,Mayor Pablo Lagerenza,PY,2020-10-27 02:32:37,-19.93,-60.77,72.52,68,33,5.37
161,Kikwit,CD,2020-10-27 02:32:37,-5.04,18.82,68.43,97,42,0.85
162,Sairang,IN,2020-10-27 02:32:38,23.8,92.67,78.8,83,40,1.14
163,Skara,SE,2020-10-27 02:32:38,58.39,13.44,46.99,93,40,5.82
164,Sorland,NO,2020-10-27 02:32:38,67.67,12.69,48.49,72,1,17.69
165,Ambon,ID,2020-10-27 02:32:38,-3.7,128.18,89.6,62,40,4.7
166,Axim,GH,2020-10-27 02:32:38,4.87,-2.24,77.81,87,87,5.26
167,Cherskiy,RU,2020-10-27 02:32:39,68.75,161.3,7.21,94,84,8.14
168,Berlevag,NO,2020-10-27 02:32:39,70.86,29.09,37.99,78,2,14.54
169,Hedaru,TZ,2020-10-27 02:32:39,-4.5,37.9,67.8,88,86,2.06
170,Sibu,MY,2020-10-27 02:32:39,2.3,111.82,80.6,78,20,9.17
171,Fortuna,US,2020-10-27 02:27:59,40.6,-124.16,51.01,70,1,4.21
172,Berbera,SO,2020-10-27 02:32:40,10.44,45.01,78.66,55,8,4.94
173,Khatanga,RU,2020-10-27 02:32:40,71.97,102.5,2.12,94,89,9.17
174,Tuktoyaktuk,CA,2020-10-27 02:32:25,69.45,-133.04,10.4,78,20,14.99
175,Kalangala,UG,2020-10-27 02:32:40,-0.31,32.23,66.2,93,20,11.41
176,Yenagoa,NG,2020-10-27 02:32:41,4.92,6.26,75.56,94,99,1.43
177,Norman Wells,CA,2020-10-27 02:32:41,65.28,-126.83,24.8,79,75,18.34
178,Biak,ID,2020-10-27 02:32:41,-0.91,122.88,85.64,60,96,3.62
179,Batemans Bay,AU,2020-10-27 02:32:41,-35.72,150.18,60.01,84,87,3.0
180,Oistins,BB,2020-10-27 02:32:41,13.07,-59.53,78.8,78,75,17.22
181,Tuatapere,NZ,2020-10-27 02:32:42,-46.13,167.68,57.0,64,51,8.99
182,Naron,ES,2020-10-27 02:32:42,43.52,-8.15,57.0,82,40,6.93
183,La Ronge,CA,2020-10-27 02:32:42,55.1,-105.28,24.8,62,75,4.7
184,Taikang,CN,2020-10-27 02:32:42,46.83,124.42,43.83,55,0,14.38
185,Cayenne,GF,2020-10-27 02:30:57,4.93,-52.33,78.8,100,0,1.12
186,Souillac,MU,2020-10-27 02:32:43,-20.52,57.52,71.6,78,40,6.93
187,Alice Springs,AU,2020-10-27 02:30:56,-23.7,133.88,80.6,15,0,9.17
188,Liverpool,GB,2020-10-27 02:32:43,53.41,-2.98,46.99,87,48,4.7
189,Santa Cruz De La Palma,ES,2020-10-27 02:31:45,28.68,-17.76,69.8,60,20,9.17
190,Sunrise Manor,US,2020-10-27 02:32:43,36.21,-115.07,55.0,8,1,4.7
191,Zhigansk,RU,2020-10-27 02:32:44,66.77,123.37,2.59,92,100,11.34
192,Salalah,OM,2020-10-27 02:30:06,17.02,54.09,73.4,64,0,2.24
193,Asau,RO,2020-10-27 02:32:44,46.43,26.4,46.99,98,0,3.13
194,Pochutla,MX,2020-10-27 02:32:44,15.74,-96.47,75.0,95,100,3.0
195,Svencionys,LT,2020-10-27 02:32:44,55.15,26.17,45.97,89,9,12.33
196,Tiksi,RU,2020-10-27 02:32:45,71.69,128.87,6.24,93,96,5.03
197,Arraial Do Cabo,BR,2020-10-27 02:32:45,-22.97,-42.03,72.05,88,6,11.3
198,Iqaluit,CA,2020-10-27 02:32:45,63.75,-68.51,14.0,85,90,4.7
199,Beringovskiy,RU,2020-10-27 02:32:45,63.05,179.32,33.19,86,0,2.53
200,Kargopol,RU,2020-10-27 02:32:46,61.51,38.95,40.41,92,100,9.17
201,Villazon,BO,2020-10-27 02:32:46,-22.09,-65.59,48.79,66,13,13.13
202,Laguna,US,2020-10-27 02:31:29,38.42,-121.42,69.01,8,1,12.75
203,Medvedka,RU,2020-10-27 02:32:46,61.16,46.39,26.74,97,92,7.05
204,Saldanha,ZA,2020-10-27 02:32:46,-33.01,17.94,59.0,87,9,5.82
205,Rimouski,CA,2020-10-27 02:31:11,48.45,-68.52,32.0,97,90,4.7
206,Lafiagi,NG,2020-10-27 02:32:47,8.87,5.42,75.2,60,39,1.32
207,Yumen,CN,2020-10-27 02:32:47,40.28,97.2,45.93,46,100,12.86
208,Kununurra,AU,2020-10-27 02:32:47,-15.77,128.73,86.0,62,40,6.93
209,Sungaipenuh,ID,2020-10-27 02:32:47,-2.08,101.38,75.79,62,100,4.61
210,Thompson,CA,2020-10-27 02:32:48,55.74,-97.86,23.0,57,5,8.05
211,Punuare,HN,2020-10-27 02:32:48,14.73,-85.97,71.56,87,100,3.51
212,Longview,US,2020-10-27 02:32:48,32.5,-94.74,55.99,93,90,9.17
213,Manggar,ID,2020-10-27 02:32:48,-2.88,108.27,79.54,81,100,4.47
214,Kavieng,PG,2020-10-27 02:32:48,-2.57,150.8,85.53,60,20,4.72
215,Yeppoon,AU,2020-10-27 02:32:49,-23.13,150.73,82.4,61,75,9.17
216,Coahuayana,MX,2020-10-27 02:30:30,18.73,-103.68,79.68,88,99,2.33
217,Sept-Iles,CA,2020-10-27 02:30:04,50.2,-66.38,30.99,100,90,5.82
218,Torbay,CA,2020-10-27 02:32:49,47.67,-52.73,37.99,59,90,8.05
219,Waverly,US,2020-10-27 02:30:07,42.74,-84.62,39.2,88,90,5.82
220,Aswan,EG,2020-10-27 02:32:50,24.09,32.91,73.78,32,0,10.49
221,Muhororo,UG,2020-10-27 02:32:50,0.94,30.76,62.82,96,91,1.66
222,Itapaci,BR,2020-10-27 02:31:19,-14.95,-49.55,73.15,85,100,2.04
223,Szczecinek,PL,2020-10-27 02:32:51,53.71,16.7,50.0,94,87,3.85
224,Jardim,BR,2020-10-27 02:32:51,-21.48,-56.14,68.77,90,100,4.23
225,Ilulissat,GL,2020-10-27 02:32:49,69.22,-51.1,19.4,73,100,6.93
226,Bajil,YE,2020-10-27 02:32:51,15.06,43.29,80.26,54,62,1.63
227,Abha,SA,2020-10-27 02:32:52,18.22,42.51,53.6,25,0,3.36
228,Cairns,AU,2020-10-27 02:30:08,-16.92,145.77,91.0,55,57,9.17
229,Hargeysa,SO,2020-10-27 02:32:52,9.56,44.06,58.73,73,29,8.61
230,Moa,CU,2020-10-27 02:32:52,20.66,-74.94,80.4,84,100,10.45
231,Whitehorse,CA,2020-10-27 02:32:26,60.72,-135.05,41.0,44,40,14.99
232,Husavik,IS,2020-10-27 02:32:52,66.04,-17.34,35.6,59,90,6.93
233,Rimbey,CA,2020-10-27 02:32:53,52.63,-114.24,35.01,86,90,10.29
234,Constitucion,CL,2020-10-27 02:32:53,-35.33,-72.42,49.84,84,100,9.44
235,Behshahr,IR,2020-10-27 02:30:08,36.69,53.55,62.44,65,81,4.18
236,Kahului,US,2020-10-27 02:32:53,20.89,-156.47,87.8,52,40,6.93
237,Bowen,AU,2020-10-27 02:32:54,-20.02,148.23,86.0,42,100,4.7
238,Presidente Olegario,BR,2020-10-27 02:32:37,-18.42,-46.42,68.0,100,98,1.81
239,Nueva Gerona,CU,2020-10-27 02:32:54,21.88,-82.8,81.12,83,100,18.61
240,Acajutla,SV,2020-10-27 02:32:54,13.59,-89.83,71.01,100,85,4.9
241,Port Hardy,CA,2020-10-27 02:30:03,50.7,-127.42,44.6,100,90,2.24
242,Amga,RU,2020-10-27 02:32:55,60.9,131.96,24.1,94,100,6.13
243,Valparaiso,CL,2020-10-27 02:29:24,-33.04,-71.63,46.4,93,0,2.24
244,Dire Dawa,ET,2020-10-27 02:32:55,9.59,41.87,59.5,34,90,2.1
245,Yaan,NG,2020-10-27 02:32:55,7.38,8.57,72.95,95,98,4.74
246,Iquitos,PE,2020-10-27 02:32:56,-3.75,-73.25,76.12,92,98,1.63
247,Port Lincoln,AU,2020-10-27 02:32:37,-34.73,135.87,61.57,68,18,10.02
248,Cairo,EG,2020-10-27 02:32:51,30.06,31.25,71.6,88,0,4.7
249,Grand-Lahou,CI,2020-10-27 02:32:56,5.14,-5.02,77.63,86,95,5.75
250,Leirvik,NO,2020-10-27 02:32:56,59.78,5.5,48.99,84,31,1.99
251,Amnat Charoen,TH,2020-10-27 02:32:57,15.92,104.75,80.8,76,100,15.99
252,Yulara,AU,2020-10-27 02:29:24,-25.24,130.99,82.4,20,0,4.7
253,Mayo,US,2020-10-27 02:32:57,38.89,-76.51,57.99,100,90,4.09
254,Palauig,PH,2020-10-27 02:32:57,15.44,119.9,87.39,67,100,14.16
255,Menomonie,US,2020-10-27 02:32:57,44.88,-91.92,19.4,79,1,4.65
256,Begoro,GH,2020-10-27 02:32:58,6.39,-0.38,69.55,99,32,3.29
257,Canals,ES,2020-10-27 02:32:58,38.96,-0.58,54.0,61,0,8.25
258,Cidreira,BR,2020-10-27 02:32:58,-30.18,-50.21,65.05,92,100,14.97
259,Itabera,BR,2020-10-27 02:32:58,-23.86,-49.14,66.6,83,97,2.28
260,Dehloran,IR,2020-10-27 02:32:58,32.69,47.27,67.03,24,0,4.45
261,Metro,ID,2020-10-27 02:32:59,-5.11,105.31,76.5,86,100,6.4
262,Ishigaki,JP,2020-10-27 02:32:59,24.34,124.16,82.4,65,20,14.99
263,Port Elizabeth,ZA,2020-10-27 02:32:59,-33.92,25.57,64.4,93,90,16.11
264,Bahia De Caraquez,EC,2020-10-27 02:32:59,-0.6,-80.42,73.4,83,75,11.41
265,Guerrero Negro,MX,2020-10-27 02:31:47,27.98,-114.06,65.88,37,0,14.72
266,Yinchuan,CN,2020-10-27 02:32:59,38.47,106.27,47.66,41,100,4.79
267,Chunskiy,RU,2020-10-27 02:33:00,56.08,99.63,33.93,91,100,5.1
268,Havelock,US,2020-10-27 02:33:00,34.88,-76.9,62.6,93,1,3.78
269,Barguzin,RU,2020-10-27 02:33:00,53.62,109.62,26.6,86,57,4.03
270,Mago,RU,2020-10-27 02:33:00,53.25,140.18,41.81,66,0,1.23
271,College,US,2020-10-27 02:33:01,64.86,-147.8,26.6,79,90,5.82
272,Takoradi,GH,2020-10-27 02:33:01,4.88,-1.76,77.31,88,97,6.13
273,Salinopolis,BR,2020-10-27 02:33:01,-0.61,-47.36,79.84,82,62,9.78
274,Takaungu,KE,2020-10-27 02:33:01,-3.68,39.86,75.87,85,59,6.67
275,Horta,PT,2020-10-27 02:33:01,38.53,-28.63,68.11,87,90,10.42
276,Bonavista,CA,2020-10-27 02:32:43,48.65,-53.11,37.99,71,38,4.0
277,Adrar,MR,2020-10-27 02:32:40,20.5,-10.07,82.33,15,32,6.15
278,Freeport,US,2020-10-27 02:33:02,40.66,-73.58,57.99,93,90,1.21
279,Severo-Kurilsk,RU,2020-10-27 02:33:02,50.68,156.12,45.12,81,99,4.25
280,Coolum Beach,AU,2020-10-27 02:32:49,-26.53,153.1,73.99,93,100,5.01
281,Ancud,CL,2020-10-27 02:33:02,-41.87,-73.82,46.0,87,90,6.93
282,Gambo,CF,2020-10-27 02:33:03,4.65,22.26,68.99,96,100,0.87
283,Changchun,CN,2020-10-27 02:33:03,43.88,125.32,46.4,36,0,8.95
284,Longhua,CN,2020-10-27 02:33:03,23.61,114.19,84.06,40,20,5.73
285,Pillaro,EC,2020-10-27 02:33:03,-1.17,-78.53,50.0,87,20,2.24
286,Blagoveshchensk,RU,2020-10-27 02:33:03,50.27,127.53,42.8,60,20,6.71
287,Ahipara,NZ,2020-10-27 02:33:04,-35.17,173.17,67.69,75,77,7.87
288,Shingu,JP,2020-10-27 02:33:04,33.73,135.98,68.0,45,20,5.82
289,Paamiut,GL,2020-10-27 02:32:44,61.99,-49.67,30.97,89,1,23.78
290,Uchiza,PE,2020-10-27 02:33:04,-8.46,-76.46,73.53,79,91,2.51
291,Ponta Do Sol,PT,2020-10-27 02:32:33,32.67,-17.1,66.2,63,20,10.29
292,Faanui,PF,2020-10-27 02:29:20,-16.48,-151.75,80.65,76,100,17.65
293,Windhoek,NA,2020-10-27 02:31:09,-22.56,17.08,68.0,45,75,4.7
294,Olafsvik,IS,2020-10-27 02:33:05,64.89,-23.71,40.21,72,100,20.15
295,Maragogi,BR,2020-10-27 02:33:05,-9.01,-35.22,76.1,83,1,10.6
296,Damietta,EG,2020-10-27 02:33:05,31.42,31.81,75.2,83,0,9.17
297,Kuybyshevo,RU,2020-10-27 02:33:06,47.81,38.91,50.41,58,100,12.59
298,Sibolga,ID,2020-10-27 02:33:06,1.74,98.78,85.14,61,83,2.77
299,Geraldton,AU,2020-10-27 02:31:09,-28.77,114.6,77.0,47,0,10.29
300,Prachuap Khiri Khan,TH,2020-10-27 02:33:02,12.22,99.75,84.2,66,20,5.82
301,Simbahan,PH,2020-10-27 02:33:06,6.3,120.58,83.39,77,100,19.39
302,Kharan,PK,2020-10-27 02:33:07,28.58,65.42,63.34,25,0,0.65
303,Nantucket,US,2020-10-27 02:28:59,41.28,-70.1,57.99,93,90,4.7
304,Khargapur,IN,2020-10-27 02:33:07,24.82,79.14,76.93,30,0,1.45
305,Tandalti,SD,2020-10-27 02:33:07,13.02,31.87,81.63,24,0,8.79
306,Ust-Nera,RU,2020-10-27 02:32:08,64.57,143.2,11.71,83,100,2.59
307,Portland,US,2020-10-27 02:33:04,45.52,-122.68,46.99,52,1,1.19
308,Terney,RU,2020-10-27 02:33:08,45.05,136.61,50.47,52,76,4.03
309,Nemuro,JP,2020-10-27 02:33:08,43.32,145.57,51.8,66,75,5.82
310,Praia Da Vitoria,PT,2020-10-27 02:33:08,38.73,-27.07,69.8,94,75,10.56
311,Kenai,US,2020-10-27 02:33:09,60.55,-151.26,42.8,80,90,4.7
312,Hambantota,LK,2020-10-27 02:33:09,6.12,81.12,80.6,94,75,5.82
313,Pangnirtung,CA,2020-10-27 02:28:38,66.15,-65.71,7.38,83,3,7.34
314,Muros,ES,2020-10-27 02:33:09,42.78,-9.06,55.99,87,99,15.99
315,Katsuura,JP,2020-10-27 02:33:09,35.13,140.3,66.99,59,75,10.29
316,Catalina,US,2020-10-27 02:33:10,32.51,-110.92,51.01,30,0,6.67
317,Omsukchan,RU,2020-10-27 02:33:07,62.53,155.8,16.84,94,94,6.64
318,Kribi,CM,2020-10-27 02:33:10,2.95,9.92,76.3,90,100,4.05
319,Megion,RU,2020-10-27 02:32:06,61.03,76.11,26.6,86,90,17.9
320,Bobo Dioulasso,BF,2020-10-27 02:33:10,11.18,-4.3,77.0,69,0,0.74
321,Darhan,MN,2020-10-27 02:33:11,49.49,105.92,35.62,64,0,4.65
322,Iralaya,HN,2020-10-27 02:29:38,15.0,-83.23,80.31,84,100,7.74
323,Alofi,NU,2020-10-27 02:28:42,-19.06,-169.92,78.8,69,75,17.22
324,Bacum,MX,2020-10-27 02:33:11,27.55,-110.08,69.39,36,0,13.35
325,Srednekolymsk,RU,2020-10-27 02:29:24,67.45,153.68,11.17,91,0,5.55
326,San Quintin,MX,2020-10-27 02:32:55,30.48,-115.95,63.32,41,0,6.35
327,Roebourne,AU,2020-10-27 02:33:12,-20.78,117.13,86.41,35,1,13.6
328,Palana,RU,2020-10-27 02:33:06,59.12,159.97,39.29,75,94,8.95
329,Manzanillo,CU,2020-10-27 02:33:12,20.34,-77.12,77.29,81,99,4.0
330,Pescara,IT,2020-10-27 02:33:12,42.33,13.95,59.0,62,100,4.7
331,Rocha,UY,2020-10-27 02:33:12,-34.48,-54.33,52.21,69,96,10.4
332,Tolaga Bay,NZ,2020-10-27 02:33:13,-38.37,178.3,64.24,72,95,7.29
333,Satipo,PE,2020-10-27 02:33:13,-11.25,-74.64,74.01,70,63,2.89
334,Kachug,RU,2020-10-27 02:33:13,53.96,105.88,25.57,84,44,3.04
335,Mount Isa,AU,2020-10-27 02:33:13,-20.73,139.5,82.4,17,75,8.05
336,Atar,MR,2020-10-27 02:33:13,20.52,-13.05,84.97,18,100,8.66
337,Forestville,US,2020-10-27 02:32:16,38.85,-76.88,57.99,100,90,2.15
338,Nong Kung Si,TH,2020-10-27 02:33:14,16.65,103.3,77.0,78,40,6.93
339,Cabo San Lucas,MX,2020-10-27 02:33:14,22.89,-109.91,82.4,69,20,11.41
340,Kapit,MY,2020-10-27 02:33:14,2.02,112.93,82.02,71,100,3.11
341,San Antonio,US,2020-10-27 02:30:54,29.42,-98.49,50.0,81,90,21.92
342,Gunupur,IN,2020-10-27 02:33:15,19.08,83.82,76.89,65,0,4.63
343,Wum,CM,2020-10-27 02:33:15,6.38,10.07,63.73,95,51,2.89
344,Gamba,GA,2020-10-27 02:33:15,-2.65,10.0,75.94,89,100,5.08
345,Vila Franca Do Campo,PT,2020-10-27 02:33:15,37.72,-25.43,68.0,88,75,16.11
346,Virginia Beach,US,2020-10-27 02:28:23,36.85,-75.98,64.4,88,90,5.82
347,Namatanai,PG,2020-10-27 02:33:16,-3.67,152.43,86.34,61,40,3.36
348,Te Anau,NZ,2020-10-27 02:33:16,-45.42,167.72,59.25,51,2,7.27
349,Tecoanapa,MX,2020-10-27 02:33:16,16.52,-98.75,80.87,88,100,6.82
350,Lunenburg,CA,2020-10-27 02:33:16,44.38,-64.32,52.0,98,100,1.01
351,Tamiahua,MX,2020-10-27 02:33:16,21.27,-97.45,76.1,88,0,8.39
352,Padang,ID,2020-10-27 02:32:15,-0.95,100.35,84.78,59,83,3.78
353,Posse,BR,2020-10-27 02:33:17,-14.09,-46.37,72.03,81,100,2.64
354,Imbituba,BR,2020-10-27 02:32:20,-28.24,-48.67,71.6,94,75,13.87
355,Oranjestad,AW,2020-10-27 02:31:17,12.52,-70.03,84.2,70,20,10.29
356,Izumo,JP,2020-10-27 02:33:17,35.37,132.77,64.4,63,20,4.7
357,Strezhevoy,RU,2020-10-27 02:33:18,60.73,77.59,26.6,86,90,17.9
358,Zharkent,KZ,2020-10-27 02:33:18,44.16,80.0,54.54,35,80,4.41
359,Tautira,PF,2020-10-27 02:33:18,-17.73,-149.15,82.4,74,75,9.17
360,Krasnoselkup,RU,2020-10-27 02:33:18,65.7,82.47,-1.68,90,0,10.45
361,Quatre Cocos,MU,2020-10-27 02:33:19,-20.21,57.76,75.0,78,40,6.93
362,Olinda,BR,2020-10-27 02:33:19,-8.01,-34.86,80.6,74,75,11.41
363,Chapais,CA,2020-10-27 02:33:19,49.78,-74.85,26.6,86,90,10.29
364,Tura,IN,2020-10-27 02:33:19,25.52,90.22,79.34,73,83,1.59
365,Goderich,CA,2020-10-27 02:33:20,43.75,-81.72,45.0,82,100,11.21
366,Bubaque,GW,2020-10-27 02:33:20,11.28,-15.83,82.38,80,2,12.12
367,Techiman,GH,2020-10-27 02:33:20,7.59,-1.94,70.97,88,1,3.06
368,Conde,BR,2020-10-27 02:33:20,-7.26,-34.91,77.0,88,20,6.93
369,Klaksvik,FO,2020-10-27 02:33:20,62.23,-6.59,35.6,65,58,6.93
370,Atambua,ID,2020-10-27 02:33:21,-9.11,124.89,87.85,52,11,4.38
371,Weiser,US,2020-10-27 02:32:26,44.25,-116.97,37.4,34,1,2.33
372,Huilong,CN,2020-10-27 02:33:21,31.81,121.66,72.0,71,96,4.0
373,Kollegal,IN,2020-10-27 02:33:21,12.15,77.12,74.26,76,0,2.64
374,Miranda De Ebro,ES,2020-10-27 02:33:21,42.69,-2.95,44.6,87,20,9.17
375,Kaitangata,NZ,2020-10-27 02:32:16,-46.28,169.85,53.01,70,13,14.0
376,Birjand,IR,2020-10-27 02:33:22,32.87,59.22,41.0,20,0,6.93
377,Port Blair,IN,2020-10-27 02:33:22,11.67,92.75,83.28,71,40,1.9
378,Aklavik,CA,2020-10-27 02:33:22,68.22,-135.01,10.4,85,75,6.93
379,Stolin,BY,2020-10-27 02:33:22,51.89,26.85,47.23,90,0,8.86
380,Kargasok,RU,2020-10-27 02:33:23,59.06,80.86,29.08,98,100,15.73
381,Acaponeta,MX,2020-10-27 02:33:23,22.5,-105.36,79.18,85,59,1.01
382,Farafangana,MG,2020-10-27 02:33:23,-22.82,47.83,68.74,85,5,4.81
383,Saint-Denis,FR,2020-10-27 02:33:23,48.92,2.33,46.99,93,20,8.05
384,Anzio,IT,2020-10-27 02:33:24,41.49,12.62,62.01,77,40,11.41
385,Challans,FR,2020-10-27 02:33:24,46.84,-1.87,52.0,100,75,6.93
386,Lethem,GY,2020-10-27 02:33:24,3.38,-59.8,80.06,72,31,7.65
387,Sitka,US,2020-10-27 02:33:24,57.05,-135.33,50.0,81,90,10.29
388,Forio,IT,2020-10-27 02:33:24,40.73,13.86,66.0,86,89,5.99
389,San Patricio,US,2020-10-27 02:33:24,28.02,-97.52,78.8,78,20,11.41
390,Vardo,NO,2020-10-27 02:33:25,70.37,31.11,39.99,79,11,19.93
391,Swift Current,CA,2020-10-27 02:33:25,50.28,-107.8,24.8,79,1,11.41
392,Rosetta,EG,2020-10-27 02:33:25,31.4,30.42,75.2,73,40,8.05
393,Rio Verde De Mato Grosso,BR,2020-10-27 02:30:41,-18.92,-54.84,72.25,87,100,3.76
394,Panguna,PG,2020-10-27 02:33:25,-6.32,155.48,79.41,77,79,0.92
395,Polunochnoye,RU,2020-10-27 02:33:26,60.87,60.42,14.86,96,100,9.31
396,Trairi,BR,2020-10-27 02:33:26,-3.28,-39.27,77.77,82,0,9.04
397,Leshukonskoye,RU,2020-10-27 02:33:26,64.9,45.76,31.21,97,100,8.25
398,Venancio Aires,BR,2020-10-27 02:33:27,-29.61,-52.19,66.0,97,100,4.41
399,Port Moresby,PG,2020-10-27 02:28:43,-9.44,147.18,87.8,62,75,17.22
400,Alekseyevka,RU,2020-10-27 02:33:27,50.63,38.69,46.42,72,100,8.9
401,Meulaboh,ID,2020-10-27 02:33:27,4.14,96.13,83.91,69,53,2.48
402,Maputo,MZ,2020-10-27 02:33:27,-25.97,32.59,72.0,83,75,2.24
403,Machilipatnam,IN,2020-10-27 02:33:27,16.17,81.13,78.8,83,0,4.7
404,Bonthe,SL,2020-10-27 02:33:28,7.53,-12.51,78.03,85,31,3.85
405,Khor,RU,2020-10-27 02:33:28,47.89,134.95,47.41,65,99,5.44
406,Aitape,PG,2020-10-27 02:33:28,-3.14,142.35,85.23,64,6,6.6
407,Yakeshi,CN,2020-10-27 02:33:28,49.28,120.73,28.42,92,1,18.5
408,Marsh Harbour,BS,2020-10-27 02:33:28,26.54,-77.06,81.75,79,98,9.17
409,Houma,US,2020-10-27 02:33:29,29.6,-90.72,70.0,94,1,5.82
410,Samarai,PG,2020-10-27 02:33:29,-10.62,150.67,82.63,76,99,7.36
411,Malanje,AO,2020-10-27 02:33:29,-9.54,16.34,65.82,96,100,5.37
412,Lewiston,US,2020-10-27 02:29:03,44.1,-70.21,43.0,93,90,3.36
413,Bud,US,2020-10-27 02:33:29,39.45,-86.18,44.01,100,90,3.87
414,Osmena,PH,2020-10-27 02:33:30,10.52,119.93,82.09,80,100,21.27
415,Saint Anthony,US,2020-10-27 02:33:30,45.02,-93.22,24.8,62,1,3.36
416,Marshall,US,2020-10-27 02:33:30,34.38,-86.33,66.0,93,1,2.84
417,San Pedro De Macoris,DO,2020-10-27 02:33:30,18.46,-69.3,78.01,94,40,3.36
418,Palu,ID,2020-10-27 02:32:53,-0.89,119.87,86.34,64,100,2.73
419,Chimbote,PE,2020-10-27 02:33:31,-9.09,-78.58,61.68,89,100,6.31
420,Bundaberg,AU,2020-10-27 02:33:31,-24.85,152.35,80.01,74,75,14.99
421,Hasaki,JP,2020-10-27 02:33:31,35.73,140.83,66.99,55,75,12.75
422,Juba,SS,2020-10-27 02:29:32,4.85,31.58,71.6,88,100,2.44
423,Atasu,KZ,2020-10-27 02:28:56,48.68,71.64,37.44,77,21,19.24
424,San Policarpo,PH,2020-10-27 02:30:40,12.18,125.51,84.79,70,87,9.28
425,Smiths Falls,CA,2020-10-27 02:28:53,44.9,-76.02,36.0,95,100,1.43
426,Saint-Pierre,RE,2020-10-27 02:28:38,-21.34,55.48,71.6,78,90,4.7
427,Aleksandrov Gay,RU,2020-10-27 02:33:32,50.15,48.57,34.57,87,0,7.85
428,Henties Bay,NA,2020-10-27 02:33:33,-22.12,14.28,55.99,93,0,3.18
429,Salisbury,GB,2020-10-27 02:30:30,51.07,-1.8,46.4,93,51,5.82
430,Chinhoyi,ZW,2020-10-27 02:33:33,-17.37,30.2,66.04,57,0,6.4
431,Ust-Uda,RU,2020-10-27 02:33:33,54.17,103.03,30.67,87,56,6.4
432,Vila Velha,BR,2020-10-27 02:33:33,-20.33,-40.29,72.0,83,0,2.24
433,Ayan,RU,2020-10-27 02:32:06,56.45,138.17,36.01,67,1,2.95
434,Dali,CN,2020-10-27 02:33:34,25.7,100.18,66.76,69,73,2.1
435,Tiarei,PF,2020-10-27 02:33:34,-17.53,-149.33,82.4,74,75,9.17
436,Bushehr,IR,2020-10-27 02:33:34,28.97,50.84,68.0,82,0,4.45
437,Lampazos De Naranjo,MX,2020-10-27 02:33:34,27.02,-100.52,59.76,60,3,10.83
438,Rietavas,LT,2020-10-27 02:33:34,55.72,21.93,55.4,87,100,11.41
439,Ahuimanu,US,2020-10-27 02:33:35,21.44,-157.84,82.4,69,90,5.82
440,Cascais,PT,2020-10-27 02:33:35,38.7,-9.42,55.99,84,48,5.82
441,Clyde River,CA,2020-10-27 02:33:35,70.47,-68.59,9.39,86,2,4.0
442,Gat,IL,2020-10-27 02:33:35,31.61,34.76,69.01,100,0,1.66
443,Acapulco,MX,2020-10-27 02:32:02,16.86,-99.89,84.2,83,90,10.29
444,Karratha,AU,2020-10-27 02:33:36,-20.74,116.85,85.95,34,0,12.97
445,Tombouctou,ML,2020-10-27 02:33:36,20.0,-3.0,83.62,15,0,7.34
446,Peniche,PT,2020-10-27 02:33:00,39.36,-9.38,55.0,78,78,4.0
447,Naze,JP,2020-10-27 02:33:36,28.37,129.48,78.8,57,20,9.17
448,Quesnel,CA,2020-10-27 02:30:02,53.0,-122.5,33.8,86,90,13.87
449,Conceicao Do Araguaia,BR,2020-10-27 02:33:37,-8.26,-49.26,75.45,85,100,6.51
450,Atherton,GB,2020-10-27 02:33:37,53.52,-2.49,46.0,84,33,1.99
451,Bambous Virieux,MU,2020-10-27 02:33:37,-20.34,57.76,75.0,78,40,6.93
452,Hengyang,CN,2020-10-27 02:33:37,26.89,112.61,70.77,59,36,3.67
453,Kampot,KH,2020-10-27 02:33:38,10.62,104.18,86.0,66,0,4.7
454,Bantry,IE,2020-10-27 02:33:38,51.68,-9.45,50.0,93,90,12.75
455,Zhob,PK,2020-10-27 02:32:33,31.34,69.45,60.15,24,0,4.5
456,Ulaanbaatar,MN,2020-10-27 02:33:38,47.91,106.88,23.0,49,0,2.24
457,Karatuzskoye,RU,2020-10-27 02:33:38,53.61,92.87,36.66,81,97,5.64
458,Maliig,PH,2020-10-27 02:33:39,13.85,120.15,83.01,78,96,15.68
459,Asfi,MA,2020-10-27 02:29:20,32.3,-9.24,62.87,74,4,18.66
460,Mezen,RU,2020-10-27 02:33:39,65.85,44.24,34.45,92,100,13.98
461,Catia La Mar,VE,2020-10-27 02:29:30,10.6,-67.03,79.93,72,43,6.62
462,Kunnamangalam,IN,2020-10-27 02:33:40,11.3,75.88,77.0,88,75,3.36
463,Mbandaka,CD,2020-10-27 02:33:40,0.05,18.26,69.75,91,55,1.83
464,La Libertad,EC,2020-10-27 02:33:40,-2.23,-80.9,69.82,87,100,11.86
465,Raudeberg,NO,2020-10-27 02:33:40,61.99,5.14,48.0,77,97,8.7
466,Imphal,IN,2020-10-27 02:33:40,24.82,93.95,66.2,93,75,0.89
467,Canutama,BR,2020-10-27 02:28:51,-6.53,-64.38,75.81,87,65,1.81
468,Turukhansk,RU,2020-10-27 02:33:41,65.82,87.98,-0.6,88,0,6.55
469,Bilma,NE,2020-10-27 02:33:41,18.69,12.92,67.51,26,0,3.36
470,Svetlogorsk,BY,2020-10-27 02:33:41,52.63,29.73,44.2,84,18,7.07
471,Ruston,US,2020-10-27 02:33:41,32.52,-92.64,60.8,82,75,4.7
472,Mahebourg,MU,2020-10-27 02:33:42,-20.41,57.7,71.6,78,40,6.93
473,Kang,BW,2020-10-27 02:32:25,-23.68,22.79,74.3,23,100,5.19
474,Kieta,PG,2020-10-27 02:32:53,-6.22,155.63,85.01,66,60,3.91
475,Margate,GB,2020-10-27 02:33:42,51.38,1.39,51.01,89,6,1.99
476,Port Augusta,AU,2020-10-27 02:33:42,-32.5,137.77,63.0,67,90,11.41
477,Westport,US,2020-10-27 02:30:47,41.14,-73.36,59.0,93,90,6.93
478,Burdur,TR,2020-10-27 02:33:43,37.72,30.29,48.2,76,0,3.36
479,Coquimbo,CL,2020-10-27 02:33:43,-29.95,-71.34,53.6,87,0,8.05
480,Oussouye,SN,2020-10-27 02:33:43,12.48,-16.55,78.82,87,11,5.53
481,Traverse City,US,2020-10-27 02:33:43,44.76,-85.62,35.6,88,75,5.82
482,San Ramon,US,2020-10-27 02:33:43,37.78,-121.98,62.6,9,1,4.7
483,Taltal,CL,2020-10-27 02:33:44,-25.4,-70.48,56.66,81,15,1.63
484,Wamba,NG,2020-10-27 02:33:44,8.93,8.6,71.71,53,28,3.15
485,Hatillo,PR,2020-10-27 02:33:44,18.49,-66.83,79.0,92,22,15.97
486,Enterprise,US,2020-10-27 02:32:57,36.03,-115.24,55.0,7,20,9.17
487,Casper,US,2020-10-27 02:33:44,42.87,-106.31,19.4,48,1,13.87
488,Capitao Poco,BR,2020-10-27 02:33:45,-1.75,-47.06,74.43,92,100,2.84
489,Saint George,US,2020-10-27 02:33:45,37.1,-113.58,44.6,12,1,23.04
490,Hammerfest,NO,2020-10-27 02:33:45,70.66,23.68,35.6,74,0,6.93
491,Vammala,FI,2020-10-27 02:33:45,61.33,22.9,48.99,100,90,6.93
492,Ennis,IE,2020-10-27 02:33:45,52.84,-8.99,50.0,93,75,12.75
493,Shelburne,CA,2020-10-27 02:30:02,44.08,-80.2,42.01,86,90,2.24
494,Kirkwall,GB,2020-10-27 02:33:46,58.98,-2.96,46.4,93,0,1.12
495,Padre Bernardo,BR,2020-10-27 02:33:46,-15.35,-48.5,71.28,88,100,1.95
496,Si Satchanalai,TH,2020-10-27 02:33:46,17.52,99.76,77.0,94,75,1.12
497,Sinnamary,GF,2020-10-27 02:33:47,5.38,-52.95,79.75,83,10,8.43
498,Vallenar,CL,2020-10-27 02:33:47,-28.57,-70.76,56.79,65,0,1.79
499,Hualmay,PE,2020-10-27 02:32:15,-11.1,-77.61,63.27,84,81,8.19
500,Landau,DE,2020-10-27 02:33:47,49.21,8.11,46.99,94,78,1.99
501,Along,IN,2020-10-27 02:33:47,28.17,94.77,73.22,73,66,1.07
502,Los Llanos De Aridane,ES,2020-10-27 02:33:47,28.66,-17.92,69.8,60,20,9.17
503,Avera,US,2020-10-27 02:33:48,33.19,-82.53,64.4,91,40,3.38
504,Popondetta,PG,2020-10-27 02:33:48,-8.75,148.25,89.62,55,75,5.99
505,Wewak,PG,2020-10-27 02:33:48,-3.55,143.63,84.78,65,3,7.25
506,Mirzapur,IN,2020-10-27 02:33:48,25.15,82.58,68.0,72,0,4.54
507,Duku,NG,2020-10-27 02:33:48,11.24,4.91,73.0,34,69,3.58
508,Aasiaat,GL,2020-10-27 02:33:49,68.71,-52.87,15.51,91,54,8.7
509,Clarksdale,US,2020-10-27 02:33:49,34.2,-90.57,57.2,93,96,11.41
510,Luderitz,NA,2020-10-27 02:33:49,-26.65,15.16,57.54,84,0,15.12
511,Bodden Town,KY,2020-10-27 02:29:29,19.28,-81.25,82.4,83,75,12.75
512,Bandar,ID,2020-10-27 02:33:50,2.05,99.75,88.27,56,100,1.86
513,Flinders,AU,2020-10-27 02:33:50,-34.58,150.86,68.0,77,75,14.99
514,Gorom-Gorom,BF,2020-10-27 02:33:50,14.44,-0.24,80.85,14,54,7.07
515,Raga,SS,2020-10-27 02:30:03,8.46,25.68,70.52,75,99,2.1
516,Badarpur,IN,2020-10-27 02:33:50,24.9,92.6,81.75,71,0,2.17
517,Heihe,CN,2020-10-27 02:29:18,50.24,127.49,42.8,60,20,6.71
518,Zunheboto,IN,2020-10-27 02:33:51,25.97,94.52,70.72,72,9,0.47
519,Mitzic,GA,2020-10-27 02:33:51,0.78,11.55,66.67,100,100,2.75
520,Sao Filipe,CV,2020-10-27 02:33:51,14.9,-24.5,79.21,81,98,10.11
521,Igrim,RU,2020-10-27 02:33:51,63.19,64.42,12.61,95,98,8.41
522,Bereda,ES,2020-10-27 02:33:52,43.27,-7.54,51.01,96,100,11.99
523,Dudinka,RU,2020-10-27 02:32:07,69.41,86.18,3.2,84,6,6.71
524,Coachella,US,2020-10-27 02:33:52,33.68,-116.17,66.2,4,1,13.87
525,Micheweni,TZ,2020-10-27 02:33:52,-4.97,39.83,76.96,81,33,4.72
526,Tocopilla,CL,2020-10-27 02:31:53,-22.09,-70.2,58.98,66,23,2.13
527,Fairbanks,US,2020-10-27 02:33:53,64.84,-147.72,26.6,86,90,10.29
528,Santa Marta,CO,2020-10-27 02:29:19,11.24,-74.2,84.0,78,55,3.0
529,Tigil,RU,2020-10-27 02:33:06,57.8,158.67,43.92,63,100,4.7
530,Itatskiy,RU,2020-10-27 02:33:53,56.07,89.04,38.98,91,100,9.86
531,Timbiqui,CO,2020-10-27 02:33:54,2.77,-77.67,75.99,92,100,2.48
532,Gizo,SB,2020-10-27 02:33:54,-8.1,156.84,82.9,73,83,3.15
533,Zhezkazgan,KZ,2020-10-27 02:33:54,47.8,67.71,32.92,86,37,20.04
534,Oktyabrskiy,RU,2020-10-27 02:33:54,54.48,53.47,27.54,92,63,12.53
535,Palmer,US,2020-10-27 02:33:54,42.16,-72.33,51.01,100,90,3.36
536,Vieux Fort,LC,2020-10-27 02:33:55,13.72,-60.95,80.6,83,20,17.22
537,Marabba,SD,2020-10-27 02:33:55,12.35,32.18,80.44,26,0,5.21
538,Wailuku,US,2020-10-27 02:33:55,20.89,-156.5,87.8,52,40,6.93
539,Pampas,PE,2020-10-27 02:33:55,-12.4,-74.9,53.35,72,94,0.76
540,Koumac,NC,2020-10-27 02:33:56,-20.57,164.28,78.51,66,75,7.99
541,Kaeo,NZ,2020-10-27 02:33:56,-35.1,173.78,69.78,68,35,8.99
542,Hunchun,CN,2020-10-27 02:33:56,42.87,130.36,60.71,45,11,7.09
543,Ajdabiya,LY,2020-10-27 02:33:56,30.76,20.23,68.5,63,0,6.35
544,Grand Gaube,MU,2020-10-27 02:32:59,-20.01,57.66,75.0,73,1,5.01
545,Neiafu,TO,2020-10-27 02:33:57,-18.65,-173.98,80.6,69,40,11.41
546,Alta Floresta,BR,2020-10-27 02:33:57,-9.88,-56.09,71.8,87,43,1.34
547,Lata,PT,2020-10-27 02:33:57,40.16,-8.33,51.01,93,20,4.7
548,Oyama,JP,2020-10-27 02:33:57,36.3,139.8,72.0,55,75,6.93
549,Vung Tau,VN,2020-10-27 02:31:33,10.35,107.08,81.81,76,100,13.24
550,Halmstad,SE,2020-10-27 02:33:58,56.67,12.86,48.2,93,61,10.29
551,Vila Do Maio,CV,2020-10-27 02:33:58,15.13,-23.22,78.8,78,40,12.75
552,Mocuba,MZ,2020-10-27 02:33:58,-16.84,36.99,68.22,98,23,0.87
553,Kovdor,RU,2020-10-27 02:33:58,67.57,30.48,37.18,97,100,6.98
554,Rotterdam,NL,2020-10-27 02:30:38,51.92,4.48,48.99,93,40,11.41
555,Nanortalik,GL,2020-10-27 02:33:59,60.14,-45.24,32.52,92,94,16.73
